strategy,node_id,body_zone,actuator_type,final_PT,final_PE,final_PSM,final_NPSM,final_TU,final_state,battery_level_pct,radio_active_time_s,energy_consumed_j,packet_count,allocated_sync_interval_ms,allocated_beacon_interval_ms,allocated_radio_wakeup_interval_ms,allocated_transmit_power_pct,allocated_trigger_offset_ms
Uniform,HN-001,Fingertip,LRA,57.75,19.579819504097138,38.17018049590286,0.6609555064225604,33.90444935774396,RELAXED,84.1639999999999,4.800000000000003,6.179999999999896,0,1000.0,60.0,250.0,50.0,-19.34
Uniform,HN-002,Fingertip,LRA,57.75,25.568561277683294,32.181438722316706,0.5572543501699863,44.274564983001376,NOMINAL,90.0639999999999,4.800000000000003,6.179999999999896,0,1000.0,60.0,250.0,50.0,-5.5
Uniform,HN-003,Fingertip,LRA,57.75,18.677210835936556,39.072789164063444,0.6765850937500163,32.341490624998364,RELAXED,91.9639999999999,4.800000000000003,6.179999999999896,0,1000.0,60.0,250.0,50.0,-18.58
Uniform,HN-004,Fingertip,LRA,57.75,27.902898554403848,29.847101445596152,0.5168329254648685,48.31670745351316,NOMINAL,88.86399999999989,4.800000000000003,6.179999999999896,0,1000.0,60.0,250.0,50.0,-14.12
Uniform,HN-005,Fingertip,LRA,57.75,50.10524436767781,7.6447556323221875,0.1323767209060119,86.7623279093988,ELEVATED,92.86399999999989,4.800000000000003,6.179999999999896,0,1000.0,60.0,250.0,50.0,-40.96
Uniform,HN-006,Fingertip,LRA,57.75,19.136548454934207,38.61345154506579,0.6686311955855548,33.13688044144452,RELAXED,96.1639999999999,4.800000000000003,6.179999999999896,0,1000.0,60.0,250.0,50.0,-15.31
Uniform,HN-007,Hand,ERM,66.15,33.256267300760115,32.89373269923989,0.4972597535788343,50.274024642116565,NOMINAL,88.0639999999999,4.800000000000003,6.179999999999896,0,1000.0,60.0,250.0,50.0,-26.49
Uniform,HN-008,Hand,ERM,66.15,28.46198848935431,37.688011510645694,0.569735623743699,43.026437625630095,NOMINAL,89.36399999999989,4.800000000000003,6.179999999999896,0,1000.0,60.0,250.0,50.0,-23.38
Uniform,HN-009,Hand,ERM,66.15,51.62252582311018,14.527474176889825,0.21961412209961942,78.03858779003806,ELEVATED,94.6639999999999,4.800000000000003,6.179999999999896,0,1000.0,60.0,250.0,50.0,-28.63
Uniform,HN-010,Hand,ERM,66.15,31.221313006944683,34.92868699305532,0.528022479108924,47.1977520891076,NOMINAL,96.36399999999989,4.800000000000003,6.179999999999896,0,1000.0,60.0,250.0,50.0,-10.81
Uniform,HN-011,Forearm,ERM,71.66250000000001,11.074893142043315,60.58760685795669,0.8454576222983664,15.454237770163354,RELAXED,97.86399999999989,4.800000000000003,6.179999999999896,0,1000.0,60.0,250.0,50.0,-8.03
Uniform,HN-012,Forearm,ERM,71.66250000000001,37.100658117195664,34.561841882804345,0.482286298730917,51.7713701269083,NOMINAL,87.7639999999999,4.800000000000003,6.179999999999896,0,1000.0,60.0,250.0,50.0,-13.96
Uniform,HN-013,Forearm,ERM,71.66250000000001,23.47989474537623,48.18260525462378,0.6723545125361768,32.76454874638232,RELAXED,87.0639999999999,4.800000000000003,6.179999999999896,0,1000.0,60.0,250.0,50.0,-6.95
Uniform,HN-014,Forearm,ERM,71.66250000000001,47.7080253010876,23.954474698912406,0.3342679183521703,66.57320816478297,NOMINAL,95.6639999999999,4.800000000000003,6.179999999999896,0,1000.0,60.0,250.0,50.0,-29.07
Uniform,HN-015,Torso,ERM,77.175,39.991823802357835,37.18317619764216,0.48180338448515925,51.819661551484074,NOMINAL,96.6639999999999,4.800000000000003,6.179999999999896,0,1000.0,60.0,250.0,50.0,-19.29
Uniform,HN-016,Torso,ERM,77.175,60.023132817752426,17.15186718224757,0.22224641635565368,77.77535836443464,ELEVATED,85.4639999999999,4.800000000000003,6.179999999999896,0,1000.0,60.0,250.0,50.0,-32.88
Uniform,HN-017,Torso,ERM,77.175,40.11720382318619,37.05779617681381,0.48017876484371635,51.982123515628366,NOMINAL,86.4639999999999,4.800000000000003,6.179999999999896,0,1000.0,60.0,250.0,50.0,-16.58
Uniform,HN-018,Torso,ERM,77.175,28.48506376556418,48.68993623443582,0.6309029638410861,36.909703615891395,RELAXED,95.1639999999999,4.800000000000003,6.179999999999896,0,1000.0,60.0,250.0,50.0,-14.34
Uniform,HN-019,Torso,ERM,77.175,35.87511345005542,41.299886549944574,0.535145922253898,46.4854077746102,NOMINAL,97.6639999999999,4.800000000000003,6.179999999999896,0,1000.0,60.0,250.0,50.0,-13.05
Uniform,HN-020,Torso,ERM,77.175,10.897569426277409,66.27743057372258,0.8587940469546173,14.12059530453827,RELAXED,85.0639999999999,4.800000000000003,6.179999999999896,0,1000.0,60.0,250.0,50.0,-8.78
Uniform,HN-021,Leg,ERM,71.66250000000001,34.63911101709647,37.02338898290354,0.5166354646140385,48.336453538596146,NOMINAL,91.9639999999999,4.800000000000003,6.179999999999896,0,1000.0,60.0,250.0,50.0,-13.79
Uniform,HN-022,Leg,ERM,71.66250000000001,27.105458738658267,44.55704126134174,0.6217623061062861,37.82376938937138,RELAXED,86.7639999999999,4.800000000000003,6.179999999999896,0,1000.0,60.0,250.0,50.0,-22.34
Uniform,HN-023,Leg,ERM,71.66250000000001,16.339572816542997,55.32292718345701,0.7719927044612873,22.800729553871264,RELAXED,87.1639999999999,4.800000000000003,6.179999999999896,0,1000.0,60.0,250.0,50.0,-13.58
Uniform,HN-024,Leg,ERM,71.66250000000001,19.74087815598796,51.92162184401205,0.7245298704903128,27.547012950968718,RELAXED,87.1639999999999,4.800000000000003,6.179999999999896,0,1000.0,60.0,250.0,50.0,-14.52
Uniform,HN-025,Leg,ERM,71.66250000000001,42.42973462993359,29.232765370066417,0.407922768115352,59.2077231884648,NOMINAL,85.7639999999999,4.800000000000003,6.179999999999896,0,1000.0,60.0,250.0,50.0,-25.2
Uniform,HN-026,Leg,ERM,71.66250000000001,32.300063770635,39.36243622936501,0.5492752308301414,45.07247691698586,NOMINAL,85.2639999999999,4.800000000000003,6.179999999999896,0,1000.0,60.0,250.0,50.0,-26.7
Uniform,HN-027,Foot,ERM,55.125,24.89905685307931,30.22594314692069,0.5483164289690828,45.168357103091715,NOMINAL,85.2639999999999,4.800000000000003,6.179999999999896,0,1000.0,60.0,250.0,50.0,-13.69
Uniform,HN-028,Foot,ERM,55.125,37.123293753531186,18.001706246468814,0.32656156456179253,67.34384354382075,NOMINAL,90.0639999999999,4.800000000000003,6.179999999999896,0,1000.0,60.0,250.0,50.0,-24.99
Uniform,HN-029,Foot,ERM,55.125,42.87174535089534,12.253254649104662,0.22228126347582153,77.77187365241784,ELEVATED,84.5639999999999,4.800000000000003,6.179999999999896,0,1000.0,60.0,250.0,50.0,-29.18
Uniform,HN-030,Foot,ERM,55.125,22.481392454412486,32.643607545587514,0.5921742865412701,40.782571345872995,NOMINAL,91.0639999999999,4.800000000000003,6.179999999999896,0,1000.0,60.0,250.0,50.0,-18.59
PSM-Adaptive,HN-001,Fingertip,LRA,57.75,19.538873632881593,38.21112636711841,0.6616645258375482,33.83354741624519,RELAXED,84.21296000000005,4.568000000000003,5.935199999999904,0,1200.0,100.0,500.0,20.0,-19.34
PSM-Adaptive,HN-002,Fingertip,LRA,57.75,24.688137289506177,33.06186271049383,0.5724997871946983,42.75002128053018,RELAXED,90.41524000000094,3.1920000000000024,4.423799999999974,0,1200.0,100.0,500.0,20.0,-5.5
PSM-Adaptive,HN-003,Fingertip,LRA,57.75,38.41904168044293,19.33095831955707,0.3347352089966592,66.52647910033409,NOMINAL,92.09228000000027,4.224000000000003,5.538599999999923,0,600.0,60.0,250.0,50.0,-18.58
PSM-Adaptive,HN-004,Fingertip,LRA,57.75,28.88512842761446,28.86487157238554,0.499824615972044,50.0175384027956,NOMINAL,89.28436000000113,2.888000000000002,4.0781999999999865,0,600.0,60.0,250.0,50.0,-14.12
PSM-Adaptive,HN-005,Fingertip,LRA,57.75,50.10524436767781,7.6447556323221875,0.1323767209060119,86.7623279093988,ELEVATED,92.72959999999986,7.680000000000006,6.851999999999914,0,300.0,40.0,100.0,80.0,-40.96
PSM-Adaptive,HN-006,Fingertip,LRA,57.75,20.928112386522216,36.821887613477784,0.6376084435234248,36.23915564765752,NOMINAL,96.55352000000106,3.0160000000000022,4.2323999999999815,0,600.0,60.0,250.0,50.0,-15.31
PSM-Adaptive,HN-007,Hand,ERM,66.15,32.070568366790496,34.07943163320951,0.5151841516736131,48.48158483263869,NOMINAL,88.5054800000012,2.784000000000002,3.972599999999991,0,750.0,60.0,250.0,50.0,-26.49
PSM-Adaptive,HN-008,Hand,ERM,66.15,28.46198848935431,37.688011510645694,0.569735623743699,43.026437625630095,NOMINAL,89.30687999999988,6.0240000000000045,6.465599999999895,0,750.0,60.0,250.0,50.0,-23.38
PSM-Adaptive,HN-009,Hand,ERM,66.15,51.62252582311018,14.527474176889825,0.21961412209961942,78.03858779003806,ELEVATED,94.57551999999988,6.696000000000005,6.622399999999898,0,375.0,40.0,100.0,80.0,-28.63
PSM-Adaptive,HN-010,Hand,ERM,66.15,22.1402672883183,44.00973271168171,0.6653020818092472,33.469791819075276,RELAXED,96.88600000000145,2.4000000000000017,3.5699999999999945,0,1500.0,100.0,500.0,20.0,-10.81
PSM-Adaptive,HN-011,Forearm,ERM,71.66250000000001,15.738358370533383,55.924141629466625,0.780382231005988,21.961776899401194,RELAXED,98.24284000000101,3.0720000000000023,4.285799999999973,0,1800.0,100.0,500.0,20.0,-8.03
PSM-Adaptive,HN-012,Forearm,ERM,71.66250000000001,21.85864955327081,49.8038504467292,0.6949778537830692,30.502214621693085,RELAXED,88.17416000000111,2.928000000000002,4.129199999999994,0,1800.0,100.0,500.0,20.0,-13.96
PSM-Adaptive,HN-013,Forearm,ERM,71.66250000000001,12.963690011828007,58.698809988172,0.8191007847643048,18.089921523569515,RELAXED,87.58600000000145,2.4000000000000017,3.5699999999999945,0,1800.0,100.0,500.0,20.0,-6.95
PSM-Adaptive,HN-014,Forearm,ERM,71.66250000000001,47.7080253010876,23.954474698912406,0.3342679183521703,66.57320816478297,NOMINAL,95.54191999999988,7.416000000000006,6.790399999999916,0,900.0,60.0,250.0,50.0,-29.07
PSM-Adaptive,HN-015,Torso,ERM,77.175,41.2800181936482,35.894981806351794,0.4651115232439494,53.48884767560506,NOMINAL,97.30888000000127,2.704000000000002,2.9555999999999867,0,1300.0,60.0,250.0,50.0,-19.29
PSM-Adaptive,HN-016,Torso,ERM,77.175,59.98353908022963,17.191460919770364,0.2227594547427323,77.72405452572677,ELEVATED,85.8185599999999,5.688000000000004,4.4071999999999845,0,650.0,40.0,100.0,80.0,-32.88
PSM-Adaptive,HN-017,Torso,ERM,77.175,40.076361737805584,37.09863826219441,0.48070797877802934,51.92920212219707,NOMINAL,86.98036000000037,4.088000000000003,3.598199999999996,0,1300.0,60.0,250.0,50.0,-16.58
PSM-Adaptive,HN-018,Torso,ERM,77.175,33.03824366697319,44.13675633302681,0.571904843965362,42.8095156034638,RELAXED,95.83600000000146,2.4000000000000017,2.819999999999991,0,2600.0,100.0,500.0,20.0,-14.34
PSM-Adaptive,HN-019,Torso,ERM,77.175,35.25433643300288,41.92066356699712,0.5431896801684111,45.681031983158896,NOMINAL,98.25488000000088,3.3040000000000025,3.22559999999999,0,1300.0,60.0,250.0,50.0,-13.05
PSM-Adaptive,HN-020,Torso,ERM,77.175,11.869615186171593,65.3053848138284,0.8461987018312718,15.380129816872815,RELAXED,85.64624000000082,3.3920000000000026,3.2687999999999904,0,2600.0,100.0,500.0,20.0,-8.78
PSM-Adaptive,HN-021,Leg,ERM,71.66250000000001,26.30887783846398,45.35362216153602,0.6328780346978687,36.71219653021312,RELAXED,92.52896000000071,3.5680000000000027,3.355199999999983,0,2200.0,100.0,500.0,20.0,-13.79
PSM-Adaptive,HN-022,Leg,ERM,71.66250000000001,34.0612639908837,37.601236009116306,0.5246989151804123,47.53010848195876,NOMINAL,87.34108000000077,3.4640000000000026,3.294599999999984,0,1100.0,60.0,250.0,50.0,-22.34
PSM-Adaptive,HN-023,Leg,ERM,71.66250000000001,16.339070507655236,55.32342949234477,0.7719997138300334,22.800028616996666,RELAXED,87.83600000000146,2.4000000000000017,2.819999999999991,0,2200.0,100.0,500.0,20.0,-13.58
PSM-Adaptive,HN-024,Leg,ERM,71.66250000000001,26.693811258680103,44.96868874131991,0.6275065583997196,37.249344160028045,RELAXED,87.7995200000012,2.816000000000002,3.0023999999999966,0,2200.0,100.0,500.0,20.0,-14.52
PSM-Adaptive,HN-025,Leg,ERM,71.66250000000001,36.720634516079336,34.94186548392067,0.48758926194202923,51.24107380579708,NOMINAL,86.3013600000005,3.888000000000003,3.493199999999987,0,1100.0,60.0,250.0,50.0,-25.2
PSM-Adaptive,HN-026,Leg,ERM,71.66250000000001,33.126752146413374,38.535747853586635,0.5377393735019937,46.22606264980062,NOMINAL,85.68255999999991,5.088000000000004,4.087199999999985,0,1100.0,60.0,250.0,50.0,-26.7
PSM-Adaptive,HN-027,Foot,ERM,55.125,25.64606892825923,29.47893107174077,0.5347651895100367,46.52348104899634,NOMINAL,85.71399999999991,4.800000000000003,3.929999999999986,0,1200.0,60.0,250.0,50.0,-13.69
PSM-Adaptive,HN-028,Foot,ERM,55.125,31.213775314533912,23.911224685466088,0.4337637131150311,56.62362868849689,NOMINAL,90.50127999999991,4.9440000000000035,3.993599999999988,0,1200.0,60.0,250.0,50.0,-24.99
PSM-Adaptive,HN-029,Foot,ERM,55.125,54.32297506276945,0.8020249372305486,0.014549205210531494,98.54507947894685,ELEVATED,84.34327999999984,10.943999999999944,7.283599999999933,0,600.0,40.0,100.0,80.0,-29.18
PSM-Adaptive,HN-030,Foot,ERM,55.125,22.511982129889375,32.613017870110625,0.59161937179339,40.838062820660994,NOMINAL,91.51399999999991,4.800000000000003,3.929999999999986,0,1200.0,60.0,250.0,50.0,-18.59
